{
  "baseline": {
    "MAE": 7.563333333333335,
    "RMSE": 9.045710585686457,
    "MAPE": 3.8556914097446153
  },
  "auto_arima": {
    "MAE": 1.868300873334611,
    "RMSE": 2.30921371634757,
    "MAPE": 0.9576505101575206
  },
  "prophet": {
    "MAE": 1.34258288097467,
    "RMSE": 1.688459408531402,
    "MAPE": 0.6930890999171535
  }
}