{
  "baseline": {
    "MAE": 21.495333333333313,
    "RMSE": 27.234594422045884,
    "MAPE": 3.024216137030277
  },
  "auto_arima": {
    "MAE": 14.700583842115744,
    "RMSE": 18.865698882396988,
    "MAPE": 2.0685925720391705
  },
  "prophet": {
    "MAE": 13.606389603661178,
    "RMSE": 16.63772812871669,
    "MAPE": 1.9221590293044086
  }
}