{
  "baseline": {
    "MAE": 21.495333333333313,
    "RMSE": 27.234594422045884,
    "MAPE": 3.024216137030277
  },
  "auto_arima": {
    "MAE": 14.700583842115744,
    "RMSE": 18.865698882396988,
    "MAPE": 2.0685925720391705
  }
}